name,img,ranking,score,population,info,year,quote
肖申克的救赎,https://img9.doubanio.com/view/photo/s_ratio_poster/public/p480747492.jpg,1,9.7,2488993,"
                            导演: 弗兰克·德拉邦特 Frank Darabont   主演: 蒂姆·罗宾斯 Tim Robbins /...
                            1994 / 美国 / 犯罪 剧情
                        ",1994,希望让人自由。
霸王别姬,https://img9.doubanio.com/view/photo/s_ratio_poster/public/p2561716440.jpg,2,9.6,1850385,"
                            导演: 陈凯歌 Kaige Chen   主演: 张国荣 Leslie Cheung / 张丰毅 Fengyi Zha...
                            1993 / 中国大陆 中国香港 / 剧情 爱情 同性
                        ",1993,风华绝代。
阿甘正传,https://img9.doubanio.com/view/photo/s_ratio_poster/public/p2372307693.jpg,3,9.5,1870418,"
                            导演: 罗伯特·泽米吉斯 Robert Zemeckis   主演: 汤姆·汉克斯 Tom Hanks / ...
                            1994 / 美国 / 剧情 爱情
                        ",1994,一部美国近现代史。
这个杀手不太冷,https://img9.doubanio.com/view/photo/s_ratio_poster/public/p511118051.jpg,4,9.4,2033044,"
                            导演: 吕克·贝松 Luc Besson   主演: 让·雷诺 Jean Reno / 娜塔莉·波特曼 ...
                            1994 / 法国 美国 / 剧情 动作 犯罪
                        ",1994,怪蜀黍和小萝莉不得不说的故事。
泰坦尼克号,https://img9.doubanio.com/view/photo/s_ratio_poster/public/p457760035.jpg,5,9.4,1832092,"
                            导演: 詹姆斯·卡梅隆 James Cameron   主演: 莱昂纳多·迪卡普里奥 Leonardo...
                            1997 / 美国 墨西哥 澳大利亚 加拿大 / 剧情 爱情 灾难
                        ",1997,失去的才是永恒的。 
美丽人生,https://img9.doubanio.com/view/photo/s_ratio_poster/public/p2578474613.jpg,6,9.6,1146741,"
                            导演: 罗伯托·贝尼尼 Roberto Benigni   主演: 罗伯托·贝尼尼 Roberto Beni...
                            1997 / 意大利 / 剧情 喜剧 爱情 战争
                        ",1997,最美的谎言。
千与千寻,https://img9.doubanio.com/view/photo/s_ratio_poster/public/p2557573348.jpg,7,9.4,1951426,"
                            导演: 宫崎骏 Hayao Miyazaki   主演: 柊瑠美 Rumi Hîragi / 入野自由 Miy...
                            2001 / 日本 / 剧情 动画 奇幻
                        ",2001,最好的宫崎骏，最好的久石让。 
辛德勒的名单,https://img9.doubanio.com/view/photo/s_ratio_poster/public/p492406163.jpg,8,9.5,956215,"
                            导演: 史蒂文·斯皮尔伯格 Steven Spielberg   主演: 连姆·尼森 Liam Neeson...
                            1993 / 美国 / 剧情 历史 战争
                        ",1993,拯救一个人，就是拯救整个世界。
盗梦空间,https://img9.doubanio.com/view/photo/s_ratio_poster/public/p2616355133.jpg,9,9.3,1797452,"
                            导演: 克里斯托弗·诺兰 Christopher Nolan   主演: 莱昂纳多·迪卡普里奥 Le...
                            2010 / 美国 英国 / 剧情 科幻 悬疑 冒险
                        ",2010,诺兰给了我们一场无法盗取的梦。
忠犬八公的故事,https://img9.doubanio.com/view/photo/s_ratio_poster/public/p2587099240.jpg,10,9.4,1234367,"
                            导演: 莱塞·霍尔斯道姆 Lasse Hallström   主演: 理查·基尔 Richard Ger...
                            2009 / 美国 英国 / 剧情
                        ",2009,永远都不能忘记你所爱的人。
星际穿越,https://img9.doubanio.com/view/photo/s_ratio_poster/public/p2614988097.jpg,11,9.3,1475381,"
                            导演: 克里斯托弗·诺兰 Christopher Nolan   主演: 马修·麦康纳 Matthew Mc...
                            2014 / 美国 英国 加拿大 / 剧情 科幻 冒险
                        ",2014,爱是一种力量，让我们超越时空感知它的存在。
楚门的世界,https://img9.doubanio.com/view/photo/s_ratio_poster/public/p479682972.jpg,12,9.3,1397380,"
                            导演: 彼得·威尔 Peter Weir   主演: 金·凯瑞 Jim Carrey / 劳拉·琳妮 Lau...
                            1998 / 美国 / 剧情 科幻
                        ",1998,如果再也不能见到你，祝你早安，午安，晚安。
海上钢琴师,https://img9.doubanio.com/view/photo/s_ratio_poster/public/p2574551676.jpg,13,9.3,1460820,"
                            导演: 朱塞佩·托纳多雷 Giuseppe Tornatore   主演: 蒂姆·罗斯 Tim Roth / ...
                            1998 / 意大利 / 剧情 音乐
                        ",1998,每个人都要走一条自己坚定了的路，就算是粉身碎骨。 
三傻大闹宝莱坞,https://img9.doubanio.com/view/photo/s_ratio_poster/public/p579729551.jpg,14,9.2,1635698,"
                            导演: 拉库马·希拉尼 Rajkumar Hirani   主演: 阿米尔·汗 Aamir Khan / 卡...
                            2009 / 印度 / 剧情 喜剧 爱情 歌舞
                        ",2009,英俊版憨豆，高情商版谢耳朵。
机器人总动员,https://img9.doubanio.com/view/photo/s_ratio_poster/public/p1461851991.jpg,15,9.3,1151997,"
                            导演: 安德鲁·斯坦顿 Andrew Stanton   主演: 本·贝尔特 Ben Burtt / 艾丽...
                            2008 / 美国 / 科幻 动画 冒险
                        ",2008,小瓦力，大人生。
放牛班的春天,https://img9.doubanio.com/view/photo/s_ratio_poster/public/p1910824951.jpg,16,9.3,1136927,"
                            导演: 克里斯托夫·巴拉蒂 Christophe Barratier   主演: 热拉尔·朱尼奥 Gé...
                            2004 / 法国 瑞士 德国 / 剧情 喜剧 音乐
                        ",2004,天籁一般的童声，是最接近上帝的存在。 
无间道,https://img9.doubanio.com/view/photo/s_ratio_poster/public/p2564556863.jpg,17,9.3,1130543,"
                            导演: 刘伟强 / 麦兆辉   主演: 刘德华 / 梁朝伟 / 黄秋生
                            2002 / 中国香港 / 剧情 犯罪 惊悚
                        ",2002,香港电影史上永不过时的杰作。
疯狂动物城,https://img9.doubanio.com/view/photo/s_ratio_poster/public/p2614500649.jpg,18,9.2,1626891,"
                            导演: 拜伦·霍华德 Byron Howard / 瑞奇·摩尔 Rich Moore   主演: 金妮弗·...
                            2016 / 美国 / 喜剧 动画 冒险
                        ",2016,迪士尼给我们营造的乌托邦就是这样，永远善良勇敢，永远出乎意料。
大话西游之大圣娶亲,https://img9.doubanio.com/view/photo/s_ratio_poster/public/p2455050536.jpg,19,9.2,1332701,"
                            导演: 刘镇伟 Jeffrey Lau   主演: 周星驰 Stephen Chow / 吴孟达 Man Tat Ng...
                            1995 / 中国香港 中国大陆 / 喜剧 爱情 奇幻 古装
                        ",1995,一生所爱。
熔炉,https://img9.doubanio.com/view/photo/s_ratio_poster/public/p1363250216.jpg,20,9.3,809870,"
                            导演: 黄东赫 Dong-hyuk Hwang   主演: 孔侑 Yoo Gong / 郑有美 Yu-mi Jung /...
                            2011 / 韩国 / 剧情
                        ",2011,我们一路奋战不是为了改变世界，而是为了不让世界改变我们。
教父,https://img9.doubanio.com/view/photo/s_ratio_poster/public/p616779645.jpg,21,9.3,814882,"
                            导演: 弗朗西斯·福特·科波拉 Francis Ford Coppola   主演: 马龙·白兰度 M...
                            1972 / 美国 / 剧情 犯罪
                        ",1972,千万不要记恨你的对手，这样会让你失去理智。
当幸福来敲门,https://img9.doubanio.com/view/photo/s_ratio_poster/public/p2614359276.jpg,22,9.1,1320290,"
                            导演: 加布里尔·穆奇诺 Gabriele Muccino   主演: 威尔·史密斯 Will Smith ...
                            2006 / 美国 / 剧情 传记 家庭
                        ",2006,平民励志片。 
龙猫,https://img9.doubanio.com/view/photo/s_ratio_poster/public/p2540924496.jpg,23,9.2,1102448,"
                            导演: 宫崎骏 Hayao Miyazaki   主演: 日高法子 Noriko Hidaka / 坂本千夏 Ch...
                            1988 / 日本 / 动画 奇幻 冒险
                        ",1988,人人心中都有个龙猫，童年就永远不会消失。
控方证人,https://img9.doubanio.com/view/photo/s_ratio_poster/public/p1505392928.jpg,24,9.6,407112,"
                            导演: 比利·怀尔德 Billy Wilder   主演: 泰隆·鲍华 Tyrone Power / 玛琳·...
                            1957 / 美国 / 剧情 犯罪 悬疑
                        ",1957,比利·怀德满分作品。
怦然心动,https://img9.doubanio.com/view/photo/s_ratio_poster/public/p501177648.jpg,25,9.1,1577547,"
                            导演: 罗伯·莱纳 Rob Reiner   主演: 玛德琳·卡罗尔 Madeline Carroll / 卡...
                            2010 / 美国 / 剧情 喜剧 爱情
                        ",2010,真正的幸福是来自内心深处。
触不可及,https://img9.doubanio.com/view/photo/s_ratio_poster/public/p1454261925.jpg,26,9.3,890807,"
                            导演: 奥利维·那卡什 Olivier Nakache / 艾力克·托兰达 Eric Toledano   主...
                            2011 / 法国 / 剧情 喜剧
                        ",2011,满满温情的高雅喜剧。
末代皇帝,https://img9.doubanio.com/view/photo/s_ratio_poster/public/p452089833.jpg,27,9.3,719913,"
                            导演: 贝纳尔多·贝托鲁奇 Bernardo Bertolucci   主演: 尊龙 John Lone / 陈...
                            1987 / 英国 意大利 中国大陆 法国 / 剧情 传记 历史
                        ",1987,“不要跟我比惨，我比你更惨”再适合这部电影不过了。
蝙蝠侠：黑暗骑士,https://img9.doubanio.com/view/photo/s_ratio_poster/public/p462657443.jpg,28,9.2,904798,"
                            导演: 克里斯托弗·诺兰 Christopher Nolan   主演: 克里斯蒂安·贝尔 Christ...
                            2008 / 美国 英国 / 剧情 动作 科幻 犯罪 惊悚
                        ",2008,无尽的黑暗。
寻梦环游记,https://img9.doubanio.com/view/photo/s_ratio_poster/public/p2614500706.jpg,29,9.1,1392698,"
                            导演: 李·昂克里奇 Lee Unkrich / 阿德里安·莫利纳 Adrian Molina   主演: ...
                            2017 / 美国 / 喜剧 动画 奇幻 音乐
                        ",2017,死亡不是真的逝去，遗忘才是永恒的消亡。
活着,https://img9.doubanio.com/view/photo/s_ratio_poster/public/p2597919477.jpg,30,9.3,705058,"
                            导演: 张艺谋 Yimou Zhang   主演: 葛优 You Ge / 巩俐 Li Gong / 姜武 Wu Jiang
                            1994 / 中国大陆 中国香港 / 剧情 历史 家庭
                        ",1994,张艺谋最好的电影。
指环王3：王者无敌,https://img9.doubanio.com/view/photo/s_ratio_poster/public/p2642829472.jpg,31,9.3,690990,"
                            导演: 彼得·杰克逊 Peter Jackson   主演: 伊利亚·伍德 Elijah Wood / 西恩...
                            2003 / 美国 新西兰 / 剧情 动作 奇幻 冒险
                        ",2003,史诗的终章。
哈利·波特与魔法石,https://img9.doubanio.com/view/photo/s_ratio_poster/public/p2614949805.jpg,32,9.1,965323,"
                            导演: Chris Columbus   主演: Daniel Radcliffe / Emma Watson / Rupert Grint
                            2001 / 美国 英国 / 奇幻 冒险
                        ",2001,童话世界的开端。
乱世佳人,https://img9.doubanio.com/view/photo/s_ratio_poster/public/p1963126880.jpg,33,9.3,597208,"
                            导演: 维克多·弗莱明 Victor Fleming / 乔治·库克 George Cukor   主演: 费...
                            1939 / 美国 / 剧情 历史 爱情 战争
                        ",1939,Tomorrow is another day.
何以为家,https://img9.doubanio.com/view/photo/s_ratio_poster/public/p2555295759.jpg,34,9.1,884779,"
                            导演: 娜丁·拉巴基 Nadine Labaki   主演: 扎因·拉费阿 Zain al-Rafeea / ...
                            2018 / 黎巴嫩 美国 法国 塞浦路斯 卡塔尔 英国 / 剧情
                        ",2018,凝视卑弱生命，用电影改变命运。
素媛,https://img9.doubanio.com/view/photo/s_ratio_poster/public/p2118532944.jpg,35,9.3,579758,"
                            导演: 李濬益 Jun-ik Lee   主演: 薛景求 Kyung-gu Sol / 严志媛 Ji-won Uhm ...
                            2013 / 韩国 / 剧情
                        ",2013,受过伤害的人总是笑得最开心，因为他们不愿意让身边的人承受一样的痛苦。
飞屋环游记,https://img9.doubanio.com/view/photo/s_ratio_poster/public/p2363116942.jpg,36,9.1,1150110,"
                            导演: 彼特·道格特 Pete Docter / 鲍勃·彼德森 Bob Peterson   主演: 爱德...
                            2009 / 美国 / 剧情 喜剧 动画 冒险
                        ",2009,最后那些最无聊的事情，才是最值得怀念的。 
摔跤吧！爸爸,https://img9.doubanio.com/view/photo/s_ratio_poster/public/p2401676338.jpg,37,9.0,1364602,"
                            导演: 涅提·蒂瓦里 Nitesh Tiwari   主演: 阿米尔·汗 Aamir Khan / 法缇玛...
                            2016 / 印度 / 剧情 传记 运动 家庭
                        ",2016,你不是在为你一个人战斗，你要让千千万万的女性看到女生并不是只能相夫教子。
十二怒汉,https://img9.doubanio.com/view/photo/s_ratio_poster/public/p2173577632.jpg,38,9.4,403709,"
                            导演: Sidney Lumet   主演: 亨利·方达 Henry Fonda / 马丁·鲍尔萨姆 Marti...
                            1957 / 美国 / 剧情
                        ",1957,1957年的理想主义。 
哈尔的移动城堡,https://img9.doubanio.com/view/photo/s_ratio_poster/public/p2174346180.jpg,39,9.1,865056,"
                            导演: 宫崎骏 Hayao Miyazaki   主演: 倍赏千惠子 Chieko Baishô / 木村拓...
                            2004 / 日本 / 动画 奇幻 冒险
                        ",2004,带着心爱的人在天空飞翔。
我不是药神,https://img9.doubanio.com/view/photo/s_ratio_poster/public/p2561305376.jpg,40,9.0,1815657,"
                            导演: 文牧野 Muye Wen   主演: 徐峥 Zheng Xu / 王传君 Chuanjun Wang / 周...
                            2018 / 中国大陆 / 剧情 喜剧
                        ",2018,对我们国家而言，这样的电影多一部是一部。
少年派的奇幻漂流,https://img9.doubanio.com/view/photo/s_ratio_poster/public/p1784592701.jpg,41,9.1,1191995,"
                            导演: 李安 Ang Lee   主演: 苏拉·沙玛 Suraj Sharma / 伊尔凡·可汗 Irrfan...
                            2012 / 美国 中国台湾 英国 加拿大 / 剧情 奇幻 冒险
                        ",2012,瑰丽壮观、无人能及的冒险之旅。
鬼子来了,https://img9.doubanio.com/view/photo/s_ratio_poster/public/p2553104888.jpg,42,9.3,533912,"
                            导演: 姜文 Wen Jiang   主演: 姜文 Wen Jiang / 香川照之 Teruyuki Kagawa /...
                            2000 / 中国大陆 / 剧情 喜剧
                        ",2000,对敌人的仁慈，就是对自己残忍。
大话西游之月光宝盒,https://img9.doubanio.com/view/photo/s_ratio_poster/public/p2561721372.jpg,43,9.0,1061820,"
                            导演: 刘镇伟 Jeffrey Lau   主演: 周星驰 Stephen Chow / 吴孟达 Man Tat Ng...
                            1995 / 中国香港 中国大陆 / 喜剧 爱情 奇幻 古装
                        ",1995,旷古烁今。
天空之城,https://img9.doubanio.com/view/photo/s_ratio_poster/public/p1446261379.jpg,44,9.1,718660,"
                            导演: 宫崎骏 Hayao Miyazaki   主演: 田中真弓 Mayumi Tanaka / 横泽启子 Ke...
                            1986 / 日本 / 动画 奇幻 冒险
                        ",1986,对天空的追逐，永不停止。 
天堂电影院,https://img9.doubanio.com/view/photo/s_ratio_poster/public/p2653054340.jpg,45,9.2,593467,"
                            导演: 朱塞佩·托纳多雷 Giuseppe Tornatore   主演: 菲利普·努瓦雷 Philipp...
                            1988 / 意大利 法国 / 剧情 爱情
                        ",1988,那些吻戏，那些青春，都在影院的黑暗里被泪水冲刷得无比清晰。
猫鼠游戏,https://img9.doubanio.com/view/photo/s_ratio_poster/public/p453924541.jpg,46,9.1,802428,"
                            导演: 史蒂文·斯皮尔伯格 Steven Spielberg   主演: 莱昂纳多·迪卡普里奥 L...
                            2002 / 美国 加拿大 / 传记 犯罪 剧情
                        ",2002,骗子大师和执著警探的你追我跑故事。 
闻香识女人,https://img9.doubanio.com/view/photo/s_ratio_poster/public/p2550757929.jpg,47,9.1,745930,"
                            导演: 马丁·布莱斯 Martin Brest   主演: 阿尔·帕西诺 Al Pacino / 克里斯...
                            1992 / 美国 / 剧情
                        ",1992,史上最美的探戈。
指环王2：双塔奇兵,https://img9.doubanio.com/view/photo/s_ratio_poster/public/p2640236255.jpg,48,9.2,643707,"
                            导演: 彼得·杰克逊 Peter Jackson   主演: 伊利亚·伍德 Elijah Wood / 西恩...
                            2002 / 美国 新西兰 / 剧情 动作 奇幻 冒险
                        ",2002,承前启后的史诗篇章。
罗马假日,https://img9.doubanio.com/view/photo/s_ratio_poster/public/p2189265085.jpg,49,9.1,836552,"
                            导演: 威廉·惠勒 William Wyler   主演: 奥黛丽·赫本 Audrey Hepburn / 格...
                            1953 / 美国 / 喜剧 剧情 爱情
                        ",1953,爱情哪怕只有一天。
钢琴家,https://img9.doubanio.com/view/photo/s_ratio_poster/public/p792376093.jpg,50,9.2,495184,"
                            导演: 罗曼·波兰斯基 Roman Polanski   主演: 艾德里安·布洛迪 Adrien Brod...
                            2002 / 英国 法国 波兰 德国 / 剧情 传记 战争 音乐
                        ",2002,音乐能化解仇恨。
让子弹飞,https://img9.doubanio.com/view/photo/s_ratio_poster/public/p1512562287.jpg,51,8.9,1426861,"
                            导演: 姜文 Wen Jiang   主演: 姜文 Wen Jiang / 葛优 You Ge / 周润发 Yun-F...
                            2010 / 中国大陆 中国香港 / 剧情 喜剧 动作 西部
                        ",2010,你给我翻译翻译，神马叫做TMD的惊喜。
指环王1：护戒使者,https://img9.doubanio.com/view/photo/s_ratio_poster/public/p2640234840.jpg,52,9.1,730051,"
                            导演: 彼得·杰克逊 Peter Jackson   主演: 伊利亚·伍德 Elijah Wood / 西恩...
                            2001 / 新西兰 美国 / 剧情 动作 奇幻 冒险
                        ",2001,传说的开始。
辩护人,https://img9.doubanio.com/view/photo/s_ratio_poster/public/p2158166535.jpg,53,9.2,518712,"
                            导演: 杨宇硕 Woo-seok Yang   主演: 宋康昊 Kang-ho Song / 金英爱 Yeong-ae...
                            2013 / 韩国 / 剧情
                        ",2013,电影的现实意义大过电影本身。
大闹天宫,https://img9.doubanio.com/view/photo/s_ratio_poster/public/p2184505167.jpg,54,9.4,362205,"
                            导演: 万籁鸣 Laiming Wan   主演: 邱岳峰 Yuefeng Qiu / 富润生 Runsheng Fu...
                            1961(中国大陆) / 1964(中国大陆) / 1978(中国大陆) / 中国大陆 / 剧情 动画 奇幻 古装
                        ",1961,经典之作，历久弥新。
教父2,https://img9.doubanio.com/view/photo/s_ratio_poster/public/p2194138787.jpg,55,9.2,459267,"
                            导演: 弗朗西斯·福特·科波拉 Francis Ford Coppola   主演: 阿尔·帕西诺 A...
                            1974 / 美国 / 剧情 犯罪
                        ",1974,优雅的孤独。
狮子王,https://img9.doubanio.com/view/photo/s_ratio_poster/public/p2277799019.jpg,56,9.1,715460,"
                            导演: Roger Allers / 罗伯·明可夫 Rob Minkoff   主演: 乔纳森·泰勒·托马...
                            1994 / 美国 / 动画 冒险 歌舞
                        ",1994,动物版《哈姆雷特》。
死亡诗社,https://img9.doubanio.com/view/photo/s_ratio_poster/public/p2575465690.jpg,57,9.1,602702,"
                            导演: 彼得·威尔 Peter Weir   主演: 罗宾·威廉姆斯 Robin Williams / 罗伯...
                            1989 / 美国 / 剧情
                        ",1989,当一个死水般的体制内出现一个活跃的变数时，所有的腐臭都站在了光明的对面。
黑客帝国,https://img9.doubanio.com/view/photo/s_ratio_poster/public/p451926968.jpg,58,9.1,706452,"
                            导演: 安迪·沃卓斯基 Andy Wachowski / 拉娜·沃卓斯基 Lana Wachowski   主...
                            1999 / 美国 / 动作 科幻
                        ",1999,视觉革命。
海蒂和爷爷,https://img9.doubanio.com/view/photo/s_ratio_poster/public/p2554525534.jpg,59,9.3,426407,"
                            导演: 阿兰·葛斯彭纳 Alain Gsponer   主演: 阿努克·斯特芬 Anuk Steffen /...
                            2015 / 德国 瑞士 / 剧情 冒险 家庭
                        ",2015,如果生活中有什么使你感到快乐，那就去做吧！不要管别人说什么。
搏击俱乐部,https://img9.doubanio.com/view/photo/s_ratio_poster/public/p1910926158.jpg,60,9.0,731534,"
                            导演: 大卫·芬奇 David Fincher   主演: 爱德华·诺顿 Edward Norton / 布拉...
                            1999 / 美国 德国 意大利 / 剧情 动作 悬疑 惊悚
                        ",1999,邪恶与平庸蛰伏于同一个母体，在特定的时间互相对峙。
绿皮书,https://img9.doubanio.com/view/photo/s_ratio_poster/public/p2549177902.jpg,61,8.9,1359133,"
                            导演: 彼得·法雷里 Peter Farrelly   主演: 维果·莫腾森 Viggo Mortensen /...
                            2018 / 美国 中国大陆 / 剧情 喜剧 传记 音乐
                        ",2018,去除成见，需要勇气。
饮食男女,https://img9.doubanio.com/view/photo/s_ratio_poster/public/p1910899751.jpg,62,9.1,516809,"
                            导演: 李安 Ang Lee   主演: 郎雄 Sihung Lung / 杨贵媚 Kuei-Mei Yang / 吴...
                            1994 / 中国台湾 美国 / 剧情 家庭
                        ",1994,人生不能像做菜，把所有的料都准备好了才下锅。
美丽心灵,https://img9.doubanio.com/view/photo/s_ratio_poster/public/p1665997400.jpg,63,9.0,657957,"
                            导演: 朗·霍华德 Ron Howard   主演: 罗素·克劳 Russell Crowe / 艾德·哈...
                            2001 / 美国 / 传记 剧情
                        ",2001,爱是一切逻辑和原由。
窃听风暴,https://img9.doubanio.com/view/photo/s_ratio_poster/public/p1808872109.jpg,64,9.2,484227,"
                            导演: 弗洛里安·亨克尔·冯·多纳斯马尔克 Florian Henckel von Donnersmarck  &n...
                            2006 / 德国 / 剧情 悬疑
                        ",2006,别样人生。
本杰明·巴顿奇事,https://img9.doubanio.com/view/photo/s_ratio_poster/public/p2192535722.jpg,65,8.9,850041,"
                            导演: 大卫·芬奇 David Fincher   主演: 凯特·布兰切特 Cate Blanchett / ...
                            2008 / 美国 / 剧情 爱情 奇幻
                        ",2008,在时间之河里感受溺水之苦。
两杆大烟枪,https://img9.doubanio.com/view/photo/s_ratio_poster/public/p792443418.jpg,66,9.1,520817,"
                            导演: Guy Ritchie   主演: Jason Flemyng / Dexter Fletcher / Nick Moran
                            1998 / 英国 / 剧情 喜剧 犯罪
                        ",1998,4个臭皮匠顶个诸葛亮，盖·里奇果然不是盖的。
情书,https://img9.doubanio.com/view/photo/s_ratio_poster/public/p2648230660.jpg,67,8.9,897283,"
                            导演: 岩井俊二 Shunji Iwai   主演: 中山美穗 Miho Nakayama / 丰川悦司 Ets...
                            1995 / 日本 / 剧情 爱情
                        ",1995,暗恋的极致。
穿条纹睡衣的男孩,https://img9.doubanio.com/view/photo/s_ratio_poster/public/p1473670352.jpg,68,9.1,457540,"
                            导演: 马克·赫尔曼 Mark Herman   主演: 阿萨·巴特菲尔德 Asa Butterfield ...
                            2008 / 英国 美国 / 剧情 战争
                        ",2008,尽管有些不切实际的幻想，这部电影依旧是一部感人肺腑的佳作。
西西里的美丽传说,https://img9.doubanio.com/view/photo/s_ratio_poster/public/p2441988159.jpg,69,8.9,842440,"
                            导演: 朱塞佩·托纳多雷 Giuseppe Tornatore   主演: 莫妮卡·贝鲁奇 Monica ...
                            2000 / 意大利 美国 / 剧情 战争 情色
                        ",2000,美丽无罪。
看不见的客人,https://img9.doubanio.com/view/photo/s_ratio_poster/public/p2498971355.jpg,70,8.8,1059902,"
                            导演: 奥里奥尔·保罗 Oriol Paulo   主演: 马里奥·卡萨斯 Mario Casas / 阿...
                            2016 / 西班牙 / 剧情 犯罪 悬疑 惊悚
                        ",2016,你以为你以为的就是你以为的。
飞越疯人院,https://img9.doubanio.com/view/photo/s_ratio_poster/public/p792238287.jpg,71,9.1,489095,"
                            导演: 米洛斯·福尔曼 Miloš Forman   主演: 杰克·尼科尔森 Jack Nichols...
                            1975 / 美国 / 剧情
                        ",1975,自由万岁。
拯救大兵瑞恩,https://img9.doubanio.com/view/photo/s_ratio_poster/public/p1014542496.jpg,72,9.0,557742,"
                            导演: 史蒂文·斯皮尔伯格 Steven Spielberg   主演: 汤姆·汉克斯 Tom Hanks...
                            1998 / 美国 / 剧情 战争
                        ",1998,美利坚精神输出大片No1.
音乐之声,https://img9.doubanio.com/view/photo/s_ratio_poster/public/p453788577.jpg,73,9.1,517063,"
                            导演: 罗伯特·怀斯 Robert Wise   主演: 朱莉·安德鲁斯 Julie Andrews / 克...
                            1965 / 美国 / 剧情 传记 爱情 歌舞
                        ",1965,用音乐化解仇恨，让歌声串起美好。
小鞋子,https://img9.doubanio.com/view/photo/s_ratio_poster/public/p2165511465.jpg,74,9.2,351122,"
                            导演: 马基德·马基迪 Majid Majidi   主演: 默罕默德·阿米尔·纳吉 Mohamma...
                            1997 / 伊朗 / 剧情 儿童 家庭
                        ",1997,奔跑的孩子是天使。
阿凡达,https://img9.doubanio.com/view/photo/s_ratio_poster/public/p2634997853.jpg,75,8.8,1208982,"
                            导演: 詹姆斯·卡梅隆 James Cameron   主演: 萨姆·沃辛顿 Sam Worthington ...
                            2009 / 美国 / 动作 科幻 冒险
                        ",2009,绝对意义上的美轮美奂。
海豚湾,https://img9.doubanio.com/view/photo/s_ratio_poster/public/p2559579779.jpg,76,9.3,323224,"
                            导演: 路易·西霍尤斯 Louie Psihoyos   主演: Richard O'Barry / 路易·西霍...
                            2009 / 美国 / 纪录片
                        ",2009,海豚的微笑，是世界上最高明的伪装。
致命魔术,https://img9.doubanio.com/view/photo/s_ratio_poster/public/p480383375.jpg,77,8.9,741112,"
                            导演: 克里斯托弗·诺兰 Christopher Nolan   主演: 休·杰克曼 Hugh Jackman...
                            2006 / 英国 美国 / 剧情 悬疑 惊悚
                        ",2006,孪生蝙蝠侠大战克隆金刚狼。
沉默的羔羊,https://img9.doubanio.com/view/photo/s_ratio_poster/public/p1593414327.jpg,78,8.9,747111,"
                            导演: 乔纳森·戴米 Jonathan Demme   主演: 朱迪·福斯特 Jodie Foster / 安...
                            1991 / 美国 / 剧情 犯罪 惊悚
                        ",1991,安东尼·霍普金斯的顶级表演。
美国往事,https://img9.doubanio.com/view/photo/s_ratio_poster/public/p477229647.jpg,79,9.2,355929,"
                            导演: 赛尔乔·莱翁内 Sergio Leone   主演: 罗伯特·德尼罗 Robert De Niro ...
                            1984 / 美国 意大利 / 犯罪 剧情
                        ",1984,往事如烟，无处祭奠。
哈利·波特与死亡圣器(下),https://img9.doubanio.com/view/photo/s_ratio_poster/public/p917846733.jpg,80,8.9,689553,"
                            导演: 大卫·叶茨 David Yates   主演: 丹尼尔·雷德克里夫 Daniel Radcliffe...
                            2011 / 美国 英国 / 奇幻 冒险
                        ",2011,10年的完美句点。
禁闭岛,https://img9.doubanio.com/view/photo/s_ratio_poster/public/p450262388.jpg,81,8.8,823484,"
                            导演: Martin Scorsese   主演: 莱昂纳多·迪卡普里奥 Leonardo DiCaprio / ...
                            2010 / 美国 / 剧情 悬疑 惊悚
                        ",2010,昔日翩翩少年，今日大腹便便。
蝴蝶效应,https://img9.doubanio.com/view/photo/s_ratio_poster/public/p2209066019.jpg,82,8.8,804834,"
                            导演: 埃里克·布雷斯 Eric Bress / J·麦基·格鲁伯 J. Mackye Gruber   主...
                            2004 / 美国 加拿大 / 剧情 悬疑 科幻 惊悚
                        ",2004,人的命运被自己瞬间的抉择改变。
布达佩斯大饭店,https://img9.doubanio.com/view/photo/s_ratio_poster/public/p2178872593.jpg,83,8.9,773212,"
                            导演: 韦斯·安德森 Wes Anderson   主演: 拉尔夫·费因斯 Ralph Fiennes / ...
                            2014 / 美国 德国 英国 / 剧情 喜剧 冒险
                        ",2014,小清新的故事里注入了大历史的情怀。
心灵捕手,https://img9.doubanio.com/view/photo/s_ratio_poster/public/p480965695.jpg,84,8.9,608632,"
                            导演: 格斯·范·桑特 Gus Van Sant   主演: 马特·达蒙 Matt Damon / 罗宾·...
                            1997 / 美国 / 剧情
                        ",1997,人生中应该拥有这样的一段豁然开朗。
低俗小说,https://img9.doubanio.com/view/photo/s_ratio_poster/public/p1910902213.jpg,85,8.9,715546,"
                            导演: 昆汀·塔伦蒂诺 Quentin Tarantino   主演: 约翰·特拉沃尔塔 John Tra...
                            1994 / 美国 / 剧情 喜剧 犯罪
                        ",1994,故事的高级讲法。
春光乍泄,https://img9.doubanio.com/view/photo/s_ratio_poster/public/p465939041.jpg,86,9.0,539962,"
                            导演: 王家卫 Kar Wai Wong   主演: 张国荣 Leslie Cheung / 梁朝伟 Tony Leu...
                            1997 / 中国香港 日本 韩国 / 剧情 爱情 同性
                        ",1997,爱情纠缠，男女一致。
七宗罪,https://img9.doubanio.com/view/photo/s_ratio_poster/public/p2219586434.jpg,87,8.8,828717,"
                            导演: 大卫·芬奇 David Fincher   主演: 摩根·弗里曼 Morgan Freeman / 布...
                            1995 / 美国 / 剧情 犯罪 悬疑 惊悚
                        ",1995,警察抓小偷，老鼠玩死猫。
摩登时代,https://img9.doubanio.com/view/photo/s_ratio_poster/public/p2263408369.jpg,88,9.3,252372,"
                            导演: 查理·卓别林 Charles Chaplin   主演: 查理·卓别林 Charles Chaplin ...
                            1936 / 美国 / 剧情 喜剧 爱情
                        ",1936,大时代中的人生，小人物的悲喜。
喜剧之王,https://img9.doubanio.com/view/photo/s_ratio_poster/public/p2579932167.jpg,89,8.8,828726,"
                            导演: 周星驰 Stephen Chow / 李力持 Lik-Chi Lee   主演: 周星驰 Stephen Ch...
                            1999 / 中国香港 / 喜剧 剧情 爱情
                        ",1999,我是一个演员。
致命ID,https://img9.doubanio.com/view/photo/s_ratio_poster/public/p2558364386.jpg,90,8.8,693971,"
                            导演: 詹姆斯·曼高德 James Mangold   主演: 约翰·库萨克 John Cusack / 雷...
                            2003 / 美国 / 剧情 悬疑 惊悚
                        ",2003,最不可能的那个人永远是最可能的。
被嫌弃的松子的一生,https://img9.doubanio.com/view/photo/s_ratio_poster/public/p884763596.jpg,91,8.9,625406,"
                            导演: 中岛哲也 Tetsuya Nakashima   主演: 中谷美纪 Miki Nakatani / 瑛太 E...
                            2006 / 日本 / 剧情 歌舞
                        ",2006,以戏谑来戏谑戏谑。
杀人回忆,https://img9.doubanio.com/view/photo/s_ratio_poster/public/p1633113220.jpg,92,8.9,589847,"
                            导演: 奉俊昊 Joon-ho Bong   主演: 宋康昊 Kang-ho Song / 金相庆 Sang-kyun...
                            2003 / 韩国 / 剧情 动作 犯罪 悬疑 惊悚
                        ",2003,关于连环杀人悬案的集体回忆。
加勒比海盗,https://img9.doubanio.com/view/photo/s_ratio_poster/public/p1596085504.jpg,93,8.8,746918,"
                            导演: 戈尔·维宾斯基 Gore Verbinski   主演: 约翰尼·德普 Johnny Depp / ...
                            2003 / 美国 / 动作 冒险 奇幻
                        ",2003,约翰尼·德普的独角戏。
红辣椒,https://img9.doubanio.com/view/photo/s_ratio_poster/public/p456825720.jpg,94,9.0,372662,"
                            导演: 今敏 Satoshi Kon   主演: 林原惠美 Megumi Hayashibara / 江守彻 Toru...
                            2006 / 日本 / 动画 悬疑 科幻 惊悚
                        ",2006,梦的勾结。
剪刀手爱德华,https://img9.doubanio.com/view/photo/s_ratio_poster/public/p480956937.jpg,95,8.7,930942,"
                            导演: 蒂姆·波顿 Tim Burton   主演: 约翰尼·德普 Johnny Depp / 薇诺娜·...
                            1990 / 美国 / 剧情 奇幻 爱情
                        ",1990,浪漫忧郁的成人童话。
狩猎,https://img9.doubanio.com/view/photo/s_ratio_poster/public/p1546987967.jpg,96,9.1,325175,"
                            导演: 托马斯·温特伯格 Thomas Vinterberg   主演: 麦斯·米科尔森 Mads Mik...
                            2012 / 丹麦 瑞典 / 剧情
                        ",2012,人言可畏。
请以你的名字呼唤我,https://img9.doubanio.com/view/photo/s_ratio_poster/public/p2505525050.jpg,97,8.9,598451,"
                            导演: 卢卡·瓜达尼诺 Luca Guadagnino   主演: 艾米·汉莫 Armie Hammer / ...
                            2017 / 意大利 法国 巴西 美国 荷兰 德国 / 剧情 爱情 同性
                        ",2017,沉醉在电影的情感和视听氛围中无法自拔。
勇敢的心,https://img9.doubanio.com/view/photo/s_ratio_poster/public/p2004174709.jpg,98,8.9,507151,"
                            导演: 梅尔·吉布森 Mel Gibson   主演: 梅尔·吉布森 Mel Gibson / 苏菲·玛...
                            1995 / 美国 / 动作 传记 剧情 历史 战争
                        ",1995,史诗大片的典范。
7号房的礼物,https://img9.doubanio.com/view/photo/s_ratio_poster/public/p1816276065.jpg,99,8.9,472172,"
                            导演: 李焕庆 Hwan-kyeong Lee   主演: 柳承龙 Seung-yong Ryoo / 朴信惠 Shi...
                            2013 / 韩国 / 剧情 喜剧 家庭
                        ",2013,《我是山姆》的《美丽人生》。
功夫,https://img9.doubanio.com/view/photo/s_ratio_poster/public/p2219011938.jpg,100,8.7,904447,"
                            导演: 周星驰 Stephen Chow   主演: 周星驰 Stephen Chow / 元秋 Qiu Yuen / ...
                            2004 / 中国大陆 中国香港 / 动作 喜剧 犯罪 奇幻
                        ",2004,警恶惩奸，维护世界和平这个任务就交给你了，好吗？
断背山,https://img9.doubanio.com/view/photo/s_ratio_poster/public/p2604889017.jpg,101,8.8,624040,"
                            导演: 李安 Ang Lee   主演: 希斯·莱杰 Heath Ledger / 杰克·吉伦哈尔 Jake...
                            2005 / 美国 加拿大 / 剧情 爱情 同性 家庭
                        ",2005,每个人心中都有一座断背山。
超脱,https://img9.doubanio.com/view/photo/s_ratio_poster/public/p1305562621.jpg,102,8.9,449313,"
                            导演: 托尼·凯耶 Tony Kaye   主演: 艾德里安·布洛迪 Adrien Brody / 马西...
                            2011 / 美国 / 剧情
                        ",2011,穷尽一生，我们要学会的，不过是彼此拥抱。
哈利·波特与阿兹卡班的囚徒,https://img9.doubanio.com/view/photo/s_ratio_poster/public/p1910812549.jpg,103,8.8,571325,"
                            导演: Alfonso Cuarón   主演: 丹尼尔·雷德克里夫 Daniel Radcliffe / Emma...
                            2004 / 英国 美国 / 奇幻 冒险
                        ",2004,不一样的导演，不一样的哈利·波特。
天使爱美丽,https://img9.doubanio.com/view/photo/s_ratio_poster/public/p2447590313.jpg,104,8.7,874430,"
                            导演: 让-皮埃尔·热内 Jean-Pierre Jeunet   主演: 奥黛丽·塔图 Audrey Tau...
                            2001 / 法国 德国 / 剧情 喜剧 爱情
                        ",2001,法式小清新。 
入殓师,https://img9.doubanio.com/view/photo/s_ratio_poster/public/p2707581855.jpg,105,8.9,557157,"
                            导演: 泷田洋二郎 Yôjirô Takita   主演: 本木雅弘 Masahiro Motoki / ...
                            2008 / 日本 / 剧情
                        ",2008,死可能是一道门，逝去并不是终结，而是超越，走向下一程。
唐伯虎点秋香,https://img9.doubanio.com/view/photo/s_ratio_poster/public/p2357915564.jpg,106,8.7,914071,"
                            导演: 李力持 Lik-Chi Lee   主演: 周星驰 Stephen Chow / 巩俐 Li Gong / 陈...
                            1993 / 中国香港 / 喜剧 爱情 古装
                        ",1993,华太师是黄霑，吴镇宇四大才子之一。
第六感,https://img9.doubanio.com/view/photo/s_ratio_poster/public/p2220184425.jpg,107,8.9,476075,"
                            导演: M·奈特·沙马兰 M. Night Shyamalan   主演: 布鲁斯·威利斯 Bruce Wi...
                            1999 / 美国 / 剧情 悬疑 惊悚
                        ",1999,深入内心的恐怖，出人意料的结局。
幽灵公主,https://img9.doubanio.com/view/photo/s_ratio_poster/public/p1613191025.jpg,108,8.9,459781,"
                            导演: 宫崎骏 Hayao Miyazaki   主演: 松田洋治 Yôji Matsuda / 石田百合...
                            1997 / 日本 / 动画 奇幻 冒险
                        ",1997,人与自然的战争史诗。
重庆森林,https://img9.doubanio.com/view/photo/s_ratio_poster/public/p792381411.jpg,109,8.8,686791,"
                            导演: 王家卫 Kar Wai Wong   主演: 林青霞 Brigitte Lin / 金城武 Takeshi K...
                            1994 / 中国香港 / 剧情 爱情
                        ",1994,寂寞没有期限。
小森林 夏秋篇,https://img9.doubanio.com/view/photo/s_ratio_poster/public/p2564498893.jpg,110,9.0,366741,"
                            导演: 森淳一 Junichi Mori   主演: 桥本爱 Ai Hashimoto / 三浦贵大 Takahir...
                            2014 / 日本 / 剧情
                        ",2014,那些静得只能听见呼吸的日子里，你明白孤独即生活。
阳光灿烂的日子,https://img9.doubanio.com/view/photo/s_ratio_poster/public/p2564685215.jpg,111,8.8,534302,"
                            导演: 姜文 Wen Jiang   主演: 夏雨 Yu Xia / 宁静 Jing Ning / 陶虹 Hong Tao
                            1994 / 中国大陆 中国香港 / 剧情 爱情
                        ",1994,一场华丽的意淫。
爱在黎明破晓前,https://img9.doubanio.com/view/photo/s_ratio_poster/public/p2555762374.jpg,112,8.8,552721,"
                            导演: 理查德·林克莱特 Richard Linklater   主演: 伊桑·霍克 Ethan Hawke ...
                            1995 / 美国 奥地利 瑞士 / 剧情 爱情
                        ",1995,缘分是个连绵词，最美不过一瞬。
一一,https://img9.doubanio.com/view/photo/s_ratio_poster/public/p2567845803.jpg,113,9.1,310873,"
                            导演: 杨德昌 Edward Yang   主演: 吴念真 / 李凯莉 Kelly Lee / 金燕玲 Elai...
                            2000 / 中国台湾 日本 / 剧情 爱情 家庭
                        ",2000,我们都曾经是一一。
蝙蝠侠：黑暗骑士崛起,https://img9.doubanio.com/view/photo/s_ratio_poster/public/p1706428744.jpg,114,8.8,617221,"
                            导演: 克里斯托弗·诺兰 Christopher Nolan   主演: 克里斯蒂安·贝尔 Christ...
                            2012 / 美国 英国 / 剧情 动作 科幻 犯罪 惊悚
                        ",2012,诺兰就是保证。
菊次郎的夏天,https://img9.doubanio.com/view/photo/s_ratio_poster/public/p2620392435.jpg,115,8.8,502814,"
                            导演: 北野武 Takeshi Kitano   主演: 北野武 Takeshi Kitano / 关口雄介 Yus...
                            1999 / 日本 / 剧情 喜剧
                        ",1999,从没见过那么流氓的温柔，从没见过那么温柔的流氓。
消失的爱人,https://img9.doubanio.com/view/photo/s_ratio_poster/public/p2221768894.jpg,116,8.7,787575,"
                            导演: 大卫·芬奇 David Fincher   主演: 本·阿弗莱克 Ben Affleck / 罗莎蒙...
                            2014 / 美国 / 剧情 犯罪 悬疑 惊悚
                        ",2014,年度最佳date movie。
无人知晓,https://img9.doubanio.com/view/photo/s_ratio_poster/public/p661160053.jpg,117,9.1,261786,"
                            导演: 是枝裕和 Hirokazu Koreeda   主演: 柳乐优弥 Yûya Yagira / 北浦爱...
                            2004 / 日本 / 剧情
                        ",2004,我的平常生活就是他人的幸福。
超能陆战队,https://img9.doubanio.com/view/photo/s_ratio_poster/public/p2614500883.jpg,118,8.7,870354,"
                            导演: 唐·霍尔 Don Hall / 克里斯·威廉姆斯 Chris Williams   主演: 斯科特...
                            2014 / 美国 / 喜剧 动作 科幻 动画 冒险
                        ",2014,Balalala~~~
哈利·波特与密室,https://img9.doubanio.com/view/photo/s_ratio_poster/public/p1082651990.jpg,119,8.8,597640,"
                            导演: Chris Columbus   主演: 丹尼尔·雷德克里夫 Daniel Radcliffe / 艾玛...
                            2002 / 英国 美国 / 奇幻 冒险
                        ",2002,魔法的密室之门已打开...
小森林 冬春篇,https://img9.doubanio.com/view/photo/s_ratio_poster/public/p2215147728.jpg,120,9.0,327721,"
                            导演: 森淳一 Junichi Mori   主演: 桥本爱 Ai Hashimoto / 三浦贵大 Takahir...
                            2015 / 日本 / 剧情
                        ",2015,尊敬他人，尊敬你生活的这片土地，明白孤独是人生的常态。
完美的世界,https://img9.doubanio.com/view/photo/s_ratio_poster/public/p2190556408.jpg,121,9.1,254286,"
                            导演: 克林特·伊斯特伍德 Clint Eastwood   主演: 凯文·科斯特纳 Kevin Cos...
                            1993 / 美国 / 剧情 犯罪
                        ",1993,坏人的好总是比好人的好来得更感人。
倩女幽魂,https://img9.doubanio.com/view/photo/s_ratio_poster/public/p2414157745.jpg,122,8.7,635449,"
                            导演: 程小东 Siu-Tung Ching   主演: 张国荣 Leslie Cheung / 王祖贤 Joey W...
                            1987 / 中国香港 / 爱情 奇幻 武侠 古装
                        ",1987,两张绝世的脸。 
爱在日落黄昏时,https://img9.doubanio.com/view/photo/s_ratio_poster/public/p2561542458.jpg,123,8.9,456336,"
                            导演: 理查德·林克莱特 Richard Linklater   主演: 伊桑·霍克 Ethan Hawke ...
                            2004 / 美国 法国 / 剧情 爱情
                        ",2004,九年后的重逢是世俗和责任的交叠，没了悸动和青涩，沧桑而温暖。
侧耳倾听,https://img9.doubanio.com/view/photo/s_ratio_poster/public/p456692072.jpg,124,8.9,397860,"
                            导演: 近藤喜文 Yoshifumi Kondo   主演: 本名阳子 Youko Honna / 小林桂树 K...
                            1995 / 日本 / 剧情 爱情 动画
                        ",1995,少女情怀总是诗。
借东西的小人阿莉埃蒂,https://img9.doubanio.com/view/photo/s_ratio_poster/public/p617533616.jpg,125,8.9,471377,"
                            导演: 米林宏昌 Hiromasa Yonebayashi   主演: 志田未来 Mirai Shida / 神木...
                            2010 / 日本 / 动画 奇幻 冒险
                        ",2010,曾经的那段美好会沉淀为一辈子的记忆。
甜蜜蜜,https://img9.doubanio.com/view/photo/s_ratio_poster/public/p2223011274.jpg,126,8.9,448829,"
                            导演: 陈可辛 Peter Chan   主演: 黎明 Leon Lai / 张曼玉 Maggie Cheung / ...
                            1996 / 中国香港 / 剧情 爱情
                        ",1996,相逢只要一瞬间，等待却像是一辈子。
萤火之森,https://img9.doubanio.com/view/photo/s_ratio_poster/public/p1675053073.jpg,127,8.9,449811,"
                            导演: 大森贵弘 Takahiro Omori   主演: 佐仓绫音 Ayane Sakura / 内山昂辉 K...
                            2011 / 日本 / 剧情 爱情 动画 奇幻
                        ",2011,触不到的恋人。
驯龙高手,https://img9.doubanio.com/view/photo/s_ratio_poster/public/p2210954024.jpg,128,8.7,656889,"
                            导演: 迪恩·德布洛斯 Dean DeBlois / 克里斯·桑德斯 Chris Sanders   主演:...
                            2010 / 美国 / 动画 奇幻 冒险
                        ",2010,和谐的生活离不开摸头与被摸头。
幸福终点站,https://img9.doubanio.com/view/photo/s_ratio_poster/public/p854757687.jpg,129,8.8,475213,"
                            导演: 史蒂文·斯皮尔伯格 Steven Spielberg   主演: 汤姆·汉克斯 Tom Hanks...
                            2004 / 美国 / 喜剧 剧情 爱情
                        ",2004,有时候幸福需要等一等。 
玛丽和马克思,https://img9.doubanio.com/view/photo/s_ratio_poster/public/p488255145.jpg,130,8.9,380787,"
                            导演: 亚当·艾略特 Adam Elliot   主演: 托妮·科莱特 Toni Collette / 菲利...
                            2009 / 澳大利亚 美国 / 剧情 喜剧 动画
                        ",2009,你是我最好的朋友，你是我唯一的朋友 。
时空恋旅人,https://img9.doubanio.com/view/photo/s_ratio_poster/public/p2070153774.jpg,131,8.8,530263,"
                            导演: 理查德·柯蒂斯 Richard Curtis   主演: 多姆纳尔·格里森 Domhnall Gl...
                            2013 / 英国 / 喜剧 爱情 奇幻
                        ",2013,把每天当作最后一天般珍惜度过，积极拥抱生活，就是幸福。
大鱼,https://img9.doubanio.com/view/photo/s_ratio_poster/public/p692813374.jpg,132,8.8,496221,"
                            导演: 蒂姆·波顿 Tim Burton   主演: 伊万·麦克格雷格 Ewan McGregor / 阿...
                            2003 / 美国 / 剧情 家庭 奇幻 冒险
                        ",2003,抱着梦想而活着的人是幸福的，怀抱梦想而死去的人是不朽的。
告白,https://img9.doubanio.com/view/photo/s_ratio_poster/public/p689520756.jpg,133,8.8,602136,"
                            导演: 中岛哲也 Tetsuya Nakashima   主演: 松隆子 Takako Matsu / 冈田将生 ...
                            2010 / 日本 / 剧情 悬疑
                        ",2010,没有一人完全善，也没有一人完全恶。
怪兽电力公司,https://img9.doubanio.com/view/photo/s_ratio_poster/public/p2513247938.jpg,134,8.7,568006,"
                            导演: 彼特·道格特 Pete Docter / 大卫·斯沃曼 David Silverman   主演: 约...
                            2001 / 美国 / 儿童 喜剧 动画 奇幻 冒险
                        ",2001,不要给它起名字，起了名字就有感情了。
阳光姐妹淘,https://img9.doubanio.com/view/photo/s_ratio_poster/public/p1374786017.jpg,135,8.8,533439,"
                            导演: 姜炯哲 Hyeong-Cheol Kang   主演: 沈恩京 Eun-kyung Shim / 闵孝琳 Hy...
                            2011 / 韩国 / 剧情 喜剧
                        ",2011,再多各自牛逼的时光，也比不上一起傻逼的岁月。 
射雕英雄传之东成西就,https://img9.doubanio.com/view/photo/s_ratio_poster/public/p2609063925.jpg,136,8.7,555535,"
                            导演: 刘镇伟 Jeffrey Lau   主演: 梁朝伟 Tony Leung Chiu Wai / 林青霞 Bri...
                            1993 / 中国香港 / 喜剧 奇幻 武侠 古装
                        ",1993,百看不厌。 
神偷奶爸,https://img9.doubanio.com/view/photo/s_ratio_poster/public/p792776858.jpg,137,8.6,832084,"
                            导演: 皮艾尔·柯芬 Pierre Coffin / 克里斯·雷纳德 Chris Renaud   主演: ...
                            2010 / 美国 法国 / 喜剧 动画 冒险
                        ",2010,Mr. I Don't Care其实也有Care的时候。
傲慢与偏见,https://img9.doubanio.com/view/photo/s_ratio_poster/public/p2016401659.jpg,138,8.7,676501,"
                            导演: 乔·怀特 Joe Wright   主演: 凯拉·奈特莉 Keira Knightley / 马修·...
                            2005 / 法国 英国 美国 / 剧情 爱情
                        ",2005,爱是摈弃傲慢与偏见之后的曙光。
教父3,https://img9.doubanio.com/view/photo/s_ratio_poster/public/p2169664351.jpg,139,9.0,308677,"
                            导演: 弗朗西斯·福特·科波拉 Francis Ford Coppola   主演: 阿尔·帕西诺 A...
                            1990 / 美国 / 剧情 犯罪
                        ",1990,任何信念的力量，都无法改变命运。
玩具总动员3,https://img9.doubanio.com/view/photo/s_ratio_poster/public/p1283675359.jpg,140,8.9,437117,"
                            导演: 李·昂克里奇 Lee Unkrich   主演: 汤姆·汉克斯 Tom Hanks / 蒂姆·艾...
                            2010 / 美国 / 喜剧 动画 奇幻 冒险
                        ",2010,跨度十五年的欢乐与泪水。
恐怖直播,https://img9.doubanio.com/view/photo/s_ratio_poster/public/p2016930906.jpg,141,8.7,561560,"
                            导演: 金秉祐 Byeong-woo Kim   主演: 河正宇 Jung-woo Ha / 李璟荣 Kyeong-y...
                            2013 / 韩国 / 剧情 犯罪 悬疑
                        ",2013,恐怖分子的“秋菊打官司”。
釜山行,https://img9.doubanio.com/view/photo/s_ratio_poster/public/p2360940399.jpg,142,8.6,1023707,"
                            导演: 延尚昊 Sang-ho Yeon   主演: 孔侑 Yoo Gong / 郑有美 Yu-mi Jung / 马...
                            2016 / 韩国 / 动作 惊悚 灾难
                        ",2016,揭露人性的丧尸题材力作。
一个叫欧维的男人决定去死,https://img9.doubanio.com/view/photo/s_ratio_poster/public/p2406624993.jpg,143,8.9,371199,"
                            导演: 汉内斯·赫尔姆 Hannes Holm   主演: 罗夫·拉斯加德 Rolf Lassgård...
                            2015 / 瑞典 / 剧情
                        ",2015,惠及一生的美丽。
哪吒闹海,https://img9.doubanio.com/view/photo/s_ratio_poster/public/p2532803206.jpg,144,9.1,219042,"
                            导演: 王树忱 Shuchen Wang / 严定宪 Dingxian Yan   主演: 梁正晖 Zhenghui ...
                            1979 / 中国大陆 / 冒险 动画 奇幻
                        ",1979,想你时你在闹海。
被解救的姜戈,https://img9.doubanio.com/view/photo/s_ratio_poster/public/p1800813767.jpg,145,8.8,520219,"
                            导演: 昆汀·塔伦蒂诺 Quentin Tarantino   主演: 杰米·福克斯 Jamie Foxx /...
                            2012 / 美国 / 剧情 动作 西部 冒险
                        ",2012,热血沸腾，那个低俗、性感的无耻混蛋又来了。
血战钢锯岭,https://img9.doubanio.com/view/photo/s_ratio_poster/public/p2398141939.jpg,146,8.7,685972,"
                            导演: 梅尔·吉布森 Mel Gibson   主演: 安德鲁·加菲尔德 Andrew Garfield /...
                            2016 / 澳大利亚 美国 / 剧情 传记 历史 战争
                        ",2016,优秀的战争片不会美化战场，不会粉饰死亡，不会矮化敌人，不会无视常识，最重要的，不会宣扬战争。
未麻的部屋,https://img9.doubanio.com/view/photo/s_ratio_poster/public/p1351050722.jpg,147,9.0,258546,"
                            导演: 今敏 Satoshi Kon   主演: 岩男润子 Junko Iwao / 松本梨香 Rica Matsu...
                            1997 / 日本 / 动画 奇幻 惊悚
                        ",1997,好的剧本是，就算你猜到了结局也猜不到全部。
头号玩家,https://img9.doubanio.com/view/photo/s_ratio_poster/public/p2516578307.jpg,148,8.7,1188293,"
                            导演: 史蒂文·斯皮尔伯格 Steven Spielberg   主演: 泰伊·谢里丹 Tye Sheri...
                            2018 / 美国 / 动作 科幻 冒险
                        ",2018,写给影迷，动漫迷和游戏迷的一封情书。
七武士,https://img9.doubanio.com/view/photo/s_ratio_poster/public/p2215886505.jpg,149,9.3,166086,"
                            导演: 黑泽明 Akira Kurosawa   主演: 三船敏郎 Toshirô Mifune / 志村乔 ...
                            1954 / 日本 / 动作 冒险 剧情
                        ",1954,时代悲歌。
我是山姆,https://img9.doubanio.com/view/photo/s_ratio_poster/public/p652417775.jpg,150,9.0,277874,"
                            导演: 杰茜·尼尔森 Jessie Nelson   主演: Sean Penn / Dakota Fanning / Mi...
                            2001 / 美国 / 剧情 家庭
                        ",2001,爱并不需要智商 。
寄生虫,https://img9.doubanio.com/view/photo/s_ratio_poster/public/p2561439800.jpg,151,8.8,1180799,"
                            导演: 奉俊昊 Joon-ho Bong   主演: 宋康昊 Kang-ho Song / 李善均 Seon-gyun...
                            2019 / 韩国 / 剧情 喜剧
                        ",2019,
喜宴,https://img9.doubanio.com/view/photo/s_ratio_poster/public/p2249048907.jpg,152,8.9,295747,"
                            导演: 李安 Ang Lee   主演: 赵文瑄 Winston Chao / 郎雄 Sihung Lung / 归亚...
                            1993 / 中国台湾 美国 / 剧情 喜剧 爱情 同性 家庭
                        ",1993,中国家庭的喜怒哀乐忍。
新世界,https://img9.doubanio.com/view/photo/s_ratio_poster/public/p1903379979.jpg,153,8.9,327930,"
                            导演: 朴勋政 Hoon-jung Park   主演: 李政宰 Jung-Jae Lee / 崔岷植 Min-sik...
                            2013 / 韩国 / 剧情 犯罪
                        ",2013,要做就做得狠一点，这样才能活下去。
电锯惊魂,https://img9.doubanio.com/view/photo/s_ratio_poster/public/p726839485.jpg,154,8.7,450959,"
                            导演: 詹姆斯·温 James Wan   主演: 雷·沃纳尔 Leigh Whannell / 加利·艾...
                            2004 / 美国 / 悬疑 惊悚 恐怖
                        ",2004,真相就在眼前。
模仿游戏,https://img9.doubanio.com/view/photo/s_ratio_poster/public/p2255040492.jpg,155,8.7,536013,"
                            导演: 莫滕·泰杜姆 Morten Tyldum   主演: 本尼迪克特·康伯巴奇 Benedict C...
                            2014 / 英国 美国 / 剧情 传记 战争 同性
                        ",2014,他给机器起名“克里斯托弗”，因为这是他初恋的名字。
哈利·波特与火焰杯,https://img9.doubanio.com/view/photo/s_ratio_poster/public/p735391084.jpg,156,8.7,517925,"
                            导演: 迈克·内威尔 Mike Newell   主演: 丹尼尔·雷德克里夫 Daniel Radclif...
                            2005 / 英国 美国 / 悬疑 奇幻 冒险
                        ",2005,
花样年华,https://img9.doubanio.com/view/photo/s_ratio_poster/public/p1910828286.jpg,157,8.7,503928,"
                            导演: 王家卫 Kar Wai Wong   主演: 梁朝伟 Tony Leung Chiu Wai / 张曼玉 Ma...
                            2000 / 中国香港 / 剧情 爱情
                        ",2000,偷情本没有这样美。
黑客帝国3：矩阵革命,https://img9.doubanio.com/view/photo/s_ratio_poster/public/p443461818.jpg,158,8.8,377946,"
                            导演: 拉娜·沃卓斯基 Lana Wachowski / 莉莉·沃卓斯基 Lilly Wachowski   ...
                            2003 / 美国 / 动作 科幻
                        ",2003,不得不说，《黑客帝国》系列是商业片与科幻、哲学完美结合的典范。
卢旺达饭店,https://img9.doubanio.com/view/photo/s_ratio_poster/public/p470419493.jpg,159,8.9,275497,"
                            导演: 特瑞·乔治 Terry George   主演: 唐·钱德尔 Don Cheadle / 苏菲·奥...
                            2004 / 英国 南非 意大利 美国 / 剧情 传记 历史 战争
                        ",2004,当这个世界闭上双眼，他却敞开了怀抱。
上帝之城,https://img9.doubanio.com/view/photo/s_ratio_poster/public/p455677490.jpg,160,9.0,266078,"
                            导演: 费尔南多·梅里尔斯 Fernando Meirelles / 卡迪亚·兰德 Kátia Lund  &nbsp...
                            2002 / 巴西 法国 / 犯罪 剧情
                        ",2002,被上帝抛弃了的上帝之城。
风之谷,https://img9.doubanio.com/view/photo/s_ratio_poster/public/p1917567652.jpg,161,8.9,317216,"
                            导演: 宫崎骏 Hayao Miyazaki   主演: 岛本须美 Sumi Shimamoto / 松田洋治 Y...
                            1984 / 日本 / 动画 奇幻 冒险
                        ",1984,动画片的圣经。
三块广告牌,https://img9.doubanio.com/view/photo/s_ratio_poster/public/p2510081688.jpg,162,8.7,714982,"
                            导演: 马丁·麦克唐纳 Martin McDonagh   主演: 弗兰西斯·麦克多蒙德 France...
                            2017 / 美国 英国 / 剧情 犯罪
                        ",2017,怼天怼地，你走后，她与世界为敌。
疯狂原始人,https://img9.doubanio.com/view/photo/s_ratio_poster/public/p1867084027.jpg,163,8.7,741039,"
                            导演: 科克·德·米科 Kirk De Micco / 克里斯·桑德斯 Chris Sanders   主演...
                            2013 / 美国 / 喜剧 动画 冒险
                        ",2013,老少皆宜，这就是好莱坞动画的魅力。
谍影重重3,https://img9.doubanio.com/view/photo/s_ratio_poster/public/p792223507.jpg,164,8.8,366646,"
                            导演: 保罗·格林格拉斯 Paul Greengrass   主演: 马特·达蒙 Matt Damon / ...
                            2007 / 美国 德国 / 动作 悬疑 惊悚
                        ",2007,像吃了苏打饼一样干脆的电影。
英雄本色,https://img9.doubanio.com/view/photo/s_ratio_poster/public/p2504997087.jpg,165,8.6,452693,"
                            导演: 吴宇森 John Woo   主演: 周润发 Yun-Fat Chow / 狄龙 Lung Ti / 张国...
                            1986 / 中国香港 / 剧情 动作 犯罪
                        ",1986,英雄泪短，兄弟情长。 
你的名字。,https://img9.doubanio.com/view/photo/s_ratio_poster/public/p2395733377.jpg,166,8.5,1196046,"
                            导演: 新海诚 Makoto Shinkai   主演: 神木隆之介 Ryûnosuke Kamiki / 上...
                            2016 / 日本 / 剧情 爱情 动画
                        ",2016,穿越错位的时空，仰望陨落的星辰，你没留下你的名字，我却无法忘记那句“我爱你”。
头脑特工队,https://img9.doubanio.com/view/photo/s_ratio_poster/public/p2266293606.jpg,167,8.7,513756,"
                            导演: 彼特·道格特 Pete Docter / 罗纳尔多·德尔·卡门 Ronaldo Del Carmen  &nb...
                            2015 / 美国 / 喜剧 动画 冒险
                        ",2015,愿我们都不用长大，每一座城堡都能永远存在。
达拉斯买家俱乐部,https://img9.doubanio.com/view/photo/s_ratio_poster/public/p2166160837.jpg,168,8.8,388757,"
                            导演: 让-马克·瓦雷 Jean-Marc Vallée   主演: 马修·麦康纳 Matthew McCon...
                            2013 / 美国 / 剧情 传记 同性
                        ",2013,Jared Leto的腿比女人还美！
纵横四海,https://img9.doubanio.com/view/photo/s_ratio_poster/public/p2597918718.jpg,169,8.8,357240,"
                            导演: 吴宇森 John Woo   主演: 周润发 Yun-Fat Chow / 张国荣 Leslie Cheung...
                            1991 / 中国香港 / 剧情 喜剧 动作 犯罪
                        ",1991,香港浪漫主义警匪动作片的巅峰之作。
心迷宫,https://img9.doubanio.com/view/photo/s_ratio_poster/public/p2276780256.jpg,170,8.7,432547,"
                            导演: 忻钰坤 Yukun Xin   主演: 霍卫民 Weimin Huo / 王笑天 Xiaotian Wang ...
                            2014 / 中国大陆 / 剧情 犯罪 悬疑
                        ",2014,荒诞讽刺，千奇百巧，抽丝剥茧，百转千回。
岁月神偷,https://img9.doubanio.com/view/photo/s_ratio_poster/public/p456666151.jpg,171,8.7,519710,"
                            导演: 罗启锐 Alex Law   主演: 吴君如 Sandra Ng / 任达华 Simon Yam / 钟绍...
                            2010 / 中国香港 中国大陆 / 剧情 家庭
                        ",2010,岁月流逝，来日可追。
记忆碎片,https://img9.doubanio.com/view/photo/s_ratio_poster/public/p641688453.jpg,172,8.7,529805,"
                            导演: 克里斯托弗·诺兰 Christopher Nolan   主演: 盖·皮尔斯 Guy Pearce /...
                            2000 / 美国 / 犯罪 剧情 悬疑 惊悚
                        ",2000,一个针管引发的血案。
忠犬八公物语,https://img9.doubanio.com/view/photo/s_ratio_poster/public/p2603716224.jpg,173,9.2,165550,"
                            导演: Seijirô Kôyama   主演: 山本圭 Kei Yamamoto / 井川比佐志 Hisa...
                            1987 / 日本 / 剧情
                        ",1987,养狗三日，便会对你终其一生。
海街日记,https://img9.doubanio.com/view/photo/s_ratio_poster/public/p2603364117.jpg,174,8.8,371581,"
                            导演: 是枝裕和 Hirokazu Koreeda   主演: 绫濑遥 Haruka Ayase / 长泽雅美 M...
                            2015 / 日本 / 剧情 家庭
                        ",2015,是枝裕和的家庭习作。
惊魂记,https://img9.doubanio.com/view/photo/s_ratio_poster/public/p1021883305.jpg,175,9.0,227765,"
                            导演: 阿尔弗雷德·希区柯克 Alfred Hitchcock   主演: 安东尼·博金斯 Antho...
                            1960 / 美国 / 悬疑 惊悚 恐怖
                        ",1960,故事的反转与反转，分裂电影的始祖。
荒蛮故事,https://img9.doubanio.com/view/photo/s_ratio_poster/public/p2584519452.jpg,176,8.8,376723,"
                            导演: 达米安·斯兹弗隆 Damián Szifron   主演: 达里奥·葛兰帝内提 Darío...
                            2014 / 阿根廷 西班牙 / 剧情 喜剧 犯罪
                        ",2014,始于荒诞，止于更荒诞。
九品芝麻官,https://img9.doubanio.com/view/photo/s_ratio_poster/public/p648370300.jpg,177,8.6,540961,"
                            导演: 王晶 Jing Wong   主演: 周星驰 Stephen Chow / 吴孟达 Man Tat Ng / ...
                            1994 / 中国香港 中国大陆 / 剧情 喜剧 古装
                        ",1994,
爆裂鼓手,https://img9.doubanio.com/view/photo/s_ratio_poster/public/p2220776342.jpg,178,8.7,491617,"
                            导演: 达米恩·查泽雷 Damien Chazelle   主演: 迈尔斯·特勒 Miles Teller /...
                            2014 / 美国 / 剧情 音乐
                        ",2014,这个世界从不善待努力的人，努力了也不一定会成功，但是知道自己在努力，就是活下去的动力。
贫民窟的百万富翁,https://img9.doubanio.com/view/photo/s_ratio_poster/public/p792430365.jpg,179,8.6,656306,"
                            导演: 丹尼·鲍尔 Danny Boyle / 洛芙琳·坦丹 Loveleen Tandan   主演: 戴夫...
                            2008 / 英国 / 剧情 爱情
                        ",2008,上帝之城+猜火车+阿甘正传+开心辞典=山寨富翁
真爱至上,https://img9.doubanio.com/view/photo/s_ratio_poster/public/p475600770.jpg,180,8.6,624952,"
                            导演: 理查德·柯蒂斯 Richard Curtis   主演: 休·格兰特 Hugh Grant / 柯林...
                            2003 / 英国 美国 法国 / 喜剧 剧情 爱情
                        ",2003,爱，是个动词。
东邪西毒,https://img9.doubanio.com/view/photo/s_ratio_poster/public/p1982176012.jpg,181,8.6,508725,"
                            导演: 王家卫 Kar Wai Wong   主演: 张国荣 Leslie Cheung / 林青霞 Brigitte...
                            1994 / 中国香港 中国台湾 / 剧情 动作 爱情 武侠 古装
                        ",1994,电影诗。
绿里奇迹,https://img9.doubanio.com/view/photo/s_ratio_poster/public/p767586451.jpg,182,8.9,266513,"
                            导演: Frank Darabont   主演: 汤姆·汉克斯 Tom Hanks / 大卫·摩斯 David M...
                            1999 / 美国 / 犯罪 剧情 奇幻 悬疑
                        ",1999,天使暂时离开。
小偷家族,https://img9.doubanio.com/view/photo/s_ratio_poster/public/p2530599636.jpg,183,8.7,716783,"
                            导演: 是枝裕和 Hirokazu Koreeda   主演: 中川雅也 Lily Franky / 安藤樱 Sa...
                            2018 / 日本 / 剧情 犯罪 家庭
                        ",2018,我们组成了家。
爱在午夜降临前,https://img9.doubanio.com/view/photo/s_ratio_poster/public/p2074715729.jpg,184,8.8,316345,"
                            导演: 理查德·林克莱特 Richard Linklater   主演: 伊桑·霍克 Ethan Hawke ...
                            2013 / 美国 希腊 / 剧情 爱情
                        ",2013,所谓爱情，就是话唠一路，都不会心生腻烦，彼此嫌弃。
无敌破坏王,https://img9.doubanio.com/view/photo/s_ratio_poster/public/p1735642656.jpg,185,8.7,459467,"
                            导演: 瑞奇·莫尔 Rich Moore   主演: 约翰·C·赖利 John C. Reilly / 萨拉...
                            2012 / 美国 / 喜剧 动画 奇幻 冒险
                        ",2012,迪士尼和皮克斯拿错剧本的产物。
黑天鹅,https://img9.doubanio.com/view/photo/s_ratio_poster/public/p2549648344.jpg,186,8.6,708707,"
                            导演: 达伦·阿罗诺夫斯基 Darren Aronofsky   主演: 娜塔莉·波特曼 Natalie...
                            2010 / 美国 / 剧情 惊悚
                        ",2010,黑暗之美。
冰川时代,https://img9.doubanio.com/view/photo/s_ratio_poster/public/p1910895719.jpg,187,8.6,536475,"
                            导演: 卡洛斯·沙尔丹哈 Carlos Saldanha / 克里斯·韦奇 Chris Wedge   主演...
                            2002 / 美国 / 喜剧 动画 冒险
                        ",2002,松鼠才是角儿。
你看起来好像很好吃,https://img9.doubanio.com/view/photo/s_ratio_poster/public/p709670262.jpg,188,8.9,291074,"
                            导演: 藤森雅也 Masaya Fujimori   主演: 山口胜平 Kappei Yamaguchi / 爱河...
                            2010 / 日本 / 剧情 动画 儿童
                        ",2010,感情不分食草或者食肉。
疯狂的石头,https://img9.doubanio.com/view/photo/s_ratio_poster/public/p712241453.jpg,189,8.5,697911,"
                            导演: 宁浩 Hao Ning   主演: 郭涛 Tao Guo / 刘桦 Hua Liu / 连晋 Teddy Lin
                            2006 / 中国大陆 中国香港 / 喜剧 犯罪
                        ",2006,中国版《两杆大烟枪》。
萤火虫之墓,https://img9.doubanio.com/view/photo/s_ratio_poster/public/p2237136718.jpg,190,8.7,365741,"
                            导演: 高畑勋 Isao Takahata   主演: 辰己努 / 白石绫乃 / 志乃原良子
                            1988 / 日本 / 动画 剧情 战争
                        ",1988,幸福是生生不息，却难以触及的远。 
雨人,https://img9.doubanio.com/view/photo/s_ratio_poster/public/p2353324612.jpg,191,8.7,355991,"
                            导演: 巴瑞·莱文森 Barry Levinson   主演: 达斯汀·霍夫曼 Dustin Hoffman ...
                            1988 / 美国 / 剧情
                        ",1988,生活在自己的世界里，也可以让周围的人显得可笑和渺小。
色，戒,https://img9.doubanio.com/view/photo/s_ratio_poster/public/p453716305.jpg,192,8.5,621461,"
                            导演: 李安 Ang Lee   主演: 梁朝伟 Tony Leung Chiu Wai / 汤唯 Wei Tang / ...
                            2007 / 中国台湾 中国大陆 美国 中国香港 / 剧情 爱情 情色
                        ",2007,假戏真情，爱欲深海
雨中曲,https://img9.doubanio.com/view/photo/s_ratio_poster/public/p1612355875.jpg,193,9.1,181771,"
                            导演: 斯坦利·多南 Stanley Donen / 吉恩·凯利 Gene Kelly   主演: 吉恩·...
                            1952 / 美国 / 喜剧 歌舞 爱情
                        ",1952,骨灰级歌舞片。
恐怖游轮,https://img9.doubanio.com/view/photo/s_ratio_poster/public/p462470694.jpg,194,8.5,695288,"
                            导演: 克里斯托弗·史密斯 Christopher Smith   主演: 梅利莎·乔治 Melissa ...
                            2009 / 英国 澳大利亚 / 剧情 悬疑 惊悚
                        ",2009,不要企图在重复中寻找已经失去的爱。
恋恋笔记本,https://img9.doubanio.com/view/photo/s_ratio_poster/public/p483604864.jpg,195,8.6,571499,"
                            导演: 尼克·卡索维茨 Nick Cassavetes   主演: 瑞恩·高斯林 Ryan Gosling /...
                            2004 / 美国 / 剧情 爱情
                        ",2004,爱情没有那么多借口，如果不能圆满，只能说明爱的不够。 
魔女宅急便,https://img9.doubanio.com/view/photo/s_ratio_poster/public/p456676352.jpg,196,8.7,395694,"
                            导演: 宫崎骏 Hayao Miyazaki   主演: 高山南 Minami Takayama / 佐久间玲 Re...
                            1989 / 日本 / 动画 奇幻 冒险
                        ",1989,宫崎骏的电影总让人感觉世界是美好的，阳光明媚的。
2001太空漫游,https://img9.doubanio.com/view/photo/s_ratio_poster/public/p2560717825.jpg,197,8.8,261166,"
                            导演: 斯坦利·库布里克 Stanley Kubrick   主演: 凯尔·杜拉 Keir Dullea / ...
                            1968 / 英国 美国 / 科幻 惊悚 冒险
                        ",1968,现代科幻电影的开山之作，最伟大导演的最伟大影片。
城市之光,https://img9.doubanio.com/view/photo/s_ratio_poster/public/p2170238828.jpg,198,9.3,119102,"
                            导演: Charles Chaplin   主演: 查理·卓别林 Charles Chaplin / 弗吉尼亚·...
                            1931 / 美国 / 喜剧 剧情 爱情
                        ",1931,永远的小人物，伟大的卓别林。
可可西里,https://img9.doubanio.com/view/photo/s_ratio_poster/public/p2363208684.jpg,199,8.8,257788,"
                            导演: 陆川 Chuan Lu   主演: 多布杰 Duobujie / 张磊 Lei Zhang / 亓亮 Qi L...
                            2004 / 中国大陆 中国香港 / 剧情 犯罪
                        ",2004,坚硬的信仰。
二十二,https://img9.doubanio.com/view/photo/s_ratio_poster/public/p2457609817.jpg,200,8.7,261972,"
                            导演: 郭柯 Ke Guo   主演: 
                            2015 / 中国大陆 / 纪录片
                        ",2015,有一些东西不应该被遗忘。
虎口脱险,https://img9.doubanio.com/view/photo/s_ratio_poster/public/p2399597512.jpg,201,8.9,212013,"
                            导演: 杰拉尔·乌里 Gérard Oury   主演: 路易·德·菲耐斯 Louis de Funès...
                            1966 / 法国 英国 / 喜剧 战争
                        ",1966,永远看不腻的喜剧。
人工智能,https://img9.doubanio.com/view/photo/s_ratio_poster/public/p792257137.jpg,202,8.7,381183,"
                            导演: 史蒂文·斯皮尔伯格 Steven Spielberg   主演: 海利·乔·奥斯蒙 Haley...
                            2001 / 美国 英国 / 剧情 科幻
                        ",2001,对爱的执着，可以超越一切。
初恋这件小事,https://img9.doubanio.com/view/photo/s_ratio_poster/public/p1505312273.jpg,203,8.4,879785,"
                            导演: 普特鹏·普罗萨卡·那·萨克那卡林 Puttipong Promsaka Na Sakolnakorn / 华森·波克彭...
                            2010 / 泰国 / 剧情 喜剧 爱情
                        ",2010,黑小鸭速效美白记。
海边的曼彻斯特,https://img9.doubanio.com/view/photo/s_ratio_poster/public/p2421855655.jpg,204,8.6,422391,"
                            导演: 肯尼斯·罗纳根 Kenneth Lonergan   主演: 卡西·阿弗莱克 Casey Affle...
                            2016 / 美国 / 剧情 家庭
                        ",2016,我们都有权利不与自己的过去和解。
遗愿清单,https://img9.doubanio.com/view/photo/s_ratio_poster/public/p1481879628.jpg,205,8.7,359466,"
                            导演: 罗伯·莱纳 Rob Reiner   主演: 杰克·尼科尔森 Jack Nicholson / 摩根...
                            2007 / 美国 / 冒险 喜剧 剧情
                        ",2007,用剩余不多的时间，去燃烧整个生命。
奇迹男孩,https://img9.doubanio.com/view/photo/s_ratio_poster/public/p2507709428.jpg,206,8.6,491789,"
                            导演: 斯蒂芬·卓博斯基 Stephen Chbosky   主演: 雅各布·特伦布莱 Jacob Tr...
                            2017 / 美国 中国香港 / 剧情 儿童 家庭
                        ",2017,世界不完美，爱会有奇迹。
大佛普拉斯,https://img9.doubanio.com/view/photo/s_ratio_poster/public/p2505928032.jpg,207,8.7,364295,"
                            导演: 黄信尧 Hsin-yao Huang   主演: 庄益增 Yizeng Zhuang / 陈竹昇 Chu-sh...
                            2017 / 中国台湾 / 剧情 喜剧
                        ",2017,人们可以登上月球，却永远无法探索人们内心的宇宙。
罗生门,https://img9.doubanio.com/view/photo/s_ratio_poster/public/p1598883511.jpg,208,8.8,266475,"
                            导演: 黑泽明 Akira Kurosawa   主演: 三船敏郎 Toshirô Mifune / 京町子 ...
                            1950 / 日本 / 剧情 犯罪 悬疑
                        ",1950,人生的N种可能性。
终结者2：审判日,https://img9.doubanio.com/view/photo/s_ratio_poster/public/p1910909085.jpg,209,8.8,299101,"
                            导演: 詹姆斯·卡梅隆 James Cameron   主演: 阿诺·施瓦辛格 Arnold Schwarz...
                            1991 / 美国 法国 / 动作 科幻
                        ",1991,少见的超越首部的续集，动作片中的经典。
牯岭街少年杀人事件,https://img9.doubanio.com/view/photo/s_ratio_poster/public/p848381236.jpg,210,8.9,231784,"
                            导演: 杨德昌 Edward Yang   主演: 张震 Chen Chang / 杨静怡 Lisa Yang / 张...
                            1991 / 中国台湾 / 剧情 犯罪
                        ",1991,弱者送给弱者的一刀。
房间,https://img9.doubanio.com/view/photo/s_ratio_poster/public/p2259715855.jpg,211,8.8,331797,"
                            导演: 伦尼·阿伯拉罕森 Lenny Abrahamson   主演: 布丽·拉尔森 Brie Larson...
                            2015 / 爱尔兰 加拿大 英国 美国 / 剧情 家庭
                        ",2015,被偷走的岁月，被伤害的生命，被禁锢的灵魂，终将被希望和善意救赎。
青蛇,https://img9.doubanio.com/view/photo/s_ratio_poster/public/p2570901292.jpg,212,8.6,448891,"
                            导演: 徐克 Hark Tsui   主演: 张曼玉 Maggie Cheung / 王祖贤 Joey Wang / ...
                            1993 / 中国香港 中国大陆 / 剧情 爱情 奇幻 古装
                        ",1993,人生如此，浮生如斯。谁人言，花彼岸，此生情长意短。谁都是不懂爱的罢了。
源代码,https://img9.doubanio.com/view/photo/s_ratio_poster/public/p988260245.jpg,213,8.5,710107,"
                            导演: 邓肯·琼斯 Duncan Jones   主演: 杰克·吉伦哈尔 Jake Gyllenhaal / ...
                            2011 / 美国 加拿大 / 科幻 悬疑 惊悚
                        ",2011,邓肯·琼斯继《月球》之后再度奉献出一部精彩绝伦的科幻佳作。
无间道2,https://img9.doubanio.com/view/photo/s_ratio_poster/public/p958008320.jpg,214,8.6,376629,"
                            导演: 刘伟强 / 麦兆辉   主演: 陈冠希 / 余文乐 / 曾志伟
                            2003 / 中国香港 / 剧情 犯罪 惊悚
                        ",2003,
新龙门客栈,https://img9.doubanio.com/view/photo/s_ratio_poster/public/p1421018669.jpg,215,8.6,382083,"
                            导演: 李惠民 Raymond Lee   主演: 张曼玉 Maggie Cheung / 林青霞 Brigitte ...
                            1992 / 中国香港 中国大陆 / 动作 爱情 武侠 古装
                        ",1992,嬉笑怒骂，调风动月。
东京教父,https://img9.doubanio.com/view/photo/s_ratio_poster/public/p456703618.jpg,216,9.0,166232,"
                            导演: 今敏 Satoshi Kon   主演: 江守彻 Toru Emori / 梅垣义明 Yoshiaki Ume...
                            2003 / 日本 / 剧情 喜剧 动画
                        ",2003,
疯狂的麦克斯4：狂暴之路,https://img9.doubanio.com/view/photo/s_ratio_poster/public/p2236181653.jpg,217,8.6,452737,"
                            导演: 乔治·米勒 George Miller   主演: 汤姆·哈迪 Tom Hardy / 查理兹·塞...
                            2015 / 澳大利亚 美国 / 动作 科幻 冒险
                        ",2015,“多么美好的一天！”轰轰轰砰咚，啪哒哒哒轰隆隆，磅~
魂断蓝桥,https://img9.doubanio.com/view/photo/s_ratio_poster/public/p2351134499.jpg,218,8.8,239641,"
                            导演: 茂文·勒鲁瓦 Mervyn LeRoy   主演: 费雯·丽 Vivien Leigh / 罗伯特·...
                            1940 / 美国 / 剧情 爱情 战争
                        ",1940,中国式内在的美国电影。
波西米亚狂想曲,https://img9.doubanio.com/view/photo/s_ratio_poster/public/p2549558913.jpg,219,8.7,504478,"
                            导演: 布莱恩·辛格 Bryan Singer   主演: 拉米·马雷克 Rami Malek / 本·哈...
                            2018 / 英国 美国 / 剧情 传记 同性 音乐
                        ",2018,
无耻混蛋,https://img9.doubanio.com/view/photo/s_ratio_poster/public/p2575043939.jpg,220,8.6,410375,"
                            导演: Quentin Tarantino   主演: 布拉德·皮特 Brad Pitt / 梅拉尼·罗兰 M...
                            2009 / 德国 美国 / 剧情 犯罪
                        ",2009,昆汀同学越来越变态了，比北野武还杜琪峰。
步履不停,https://img9.doubanio.com/view/photo/s_ratio_poster/public/p2375245718.jpg,221,8.8,235380,"
                            导演: 是枝裕和 Hirokazu Koreeda   主演: 阿部宽 Hiroshi Abe / 夏川结衣 Yu...
                            2008 / 日本 / 剧情 家庭
                        ",2008,日本的家庭电影已经是世界巅峰了，步履不停是巅峰中的佳作。
血钻,https://img9.doubanio.com/view/photo/s_ratio_poster/public/p1244017073.jpg,222,8.7,319733,"
                            导演: 爱德华·兹威克 Edward Zwick   主演: 莱昂纳多·迪卡普里奥 Leonardo ...
                            2006 / 美国 德国 英国 / 剧情 惊悚 冒险
                        ",2006,每个美丽事物背后都是滴血的现实。
茶馆,https://img9.doubanio.com/view/photo/s_ratio_poster/public/p2528965424.jpg,223,9.5,82742,"
                            导演: 谢添 Tian Xie   主演: 于是之 Shizhi Yu / 郑榕 Rong Zhen / 蓝天野 T...
                            1982 / 中国大陆 / 剧情 历史
                        ",1982,
彗星来的那一夜,https://img9.doubanio.com/view/photo/s_ratio_poster/public/p2187896734.jpg,224,8.5,464161,"
                            导演: 詹姆斯·沃德·布柯特 James Ward Byrkit   主演: 艾米丽·芭尔多尼 Em...
                            2013 / 美国 英国 / 科幻 悬疑 惊悚
                        ",2013,小成本大魅力。
燃情岁月,https://img9.doubanio.com/view/photo/s_ratio_poster/public/p1023654037.jpg,225,8.8,251976,"
                            导演: 爱德华·兹威克 Edward Zwick   主演: 布拉德·皮特 Brad Pitt / 安东...
                            1994 / 美国 / 剧情 爱情 战争 西部
                        ",1994,传奇，不是每个人都可以拥有。
战争之王,https://img9.doubanio.com/view/photo/s_ratio_poster/public/p792282381.jpg,226,8.7,309547,"
                            导演: 安德鲁·尼科尔 Andrew Niccol   主演: 尼古拉斯·凯奇 Nicolas Cage /...
                            2005 / 法国 德国 美国 / 剧情 犯罪
                        ",2005,做一颗让别人需要你的棋子。
千钧一发,https://img9.doubanio.com/view/photo/s_ratio_poster/public/p2195672555.jpg,227,8.8,236203,"
                            导演: 安德鲁·尼科尔 Andrew Niccol   主演: 伊桑·霍克 Ethan Hawke / 乌玛...
                            1997 / 美国 / 剧情 科幻 惊悚
                        ",1997,一部能引人思考的科幻励志片。
黑客帝国2：重装上阵,https://img9.doubanio.com/view/photo/s_ratio_poster/public/p443461390.jpg,228,8.6,337811,"
                            导演: 拉娜·沃卓斯基 Lana Wachowski / 莉莉·沃卓斯基 Lilly Wachowski   ...
                            2003 / 美国 / 动作 科幻
                        ",2003,一个精彩的世界观正在缓缓建立。
谍影重重2,https://img9.doubanio.com/view/photo/s_ratio_poster/public/p667644866.jpg,229,8.7,307517,"
                            导演: 保罗·格林格拉斯 Paul Greengrass   主演: 马特·达蒙 Matt Damon / ...
                            2004 / 美国 德国 / 动作 悬疑 惊悚
                        ",2004,谁说王家卫镜头很晃？
海洋,https://img9.doubanio.com/view/photo/s_ratio_poster/public/p2559581324.jpg,230,9.1,143978,"
                            导演: 雅克·贝汉 Jacques Perrin / 雅克·克鲁奥德 Jacques Cluzaud   主演:...
                            2009 / 法国 瑞士 西班牙 美国 阿联酋 摩纳哥 / 纪录片
                        ",2009,大海啊，不全是水。
崖上的波妞,https://img9.doubanio.com/view/photo/s_ratio_poster/public/p2627847859.jpg,231,8.6,404732,"
                            导演: 宫崎骏 Hayao Miyazaki   主演: 奈良柚莉爱 Yuria Nara / 土井洋辉 Hir...
                            2008 / 日本 / 动画 奇幻 冒险
                        ",2008,
阿飞正传,https://img9.doubanio.com/view/photo/s_ratio_poster/public/p2525770523.jpg,232,8.5,433901,"
                            导演: 王家卫 Kar Wai Wong   主演: 张国荣 Leslie Cheung / 张曼玉 Maggie C...
                            1990 / 中国香港 / 犯罪 剧情 爱情
                        ",1990,王家卫是一种风格，张国荣是一个代表。
穿越时空的少女,https://img9.doubanio.com/view/photo/s_ratio_poster/public/p2079334286.jpg,233,8.6,338171,"
                            导演: 细田守 Mamoru Hosoda   主演: 仲里依纱 Riisa Naka / 石田卓也 Takuya...
                            2006 / 日本 / 剧情 爱情 科幻 动画
                        ",2006,爱上未来的你。 
背靠背，脸对脸,https://img9.doubanio.com/view/photo/s_ratio_poster/public/p2505048077.jpg,234,9.5,84992,"
                            导演: 黄建新 Jianxin Huang / 杨亚洲 Yazhou Yang   主演: 牛振华 Zhenhua N...
                            1994 / 中国大陆 中国香港 / 剧情
                        ",1994,
谍影重重,https://img9.doubanio.com/view/photo/s_ratio_poster/public/p1597183981.jpg,235,8.6,368580,"
                            导演: 道格·里曼 Doug Liman   主演: 马特·达蒙 Matt Damon / 弗兰卡·波坦...
                            2002 / 美国 德国 捷克 / 动作 悬疑 惊悚
                        ",2002,哗啦啦啦啦，天在下雨，哗啦啦啦啦，云在哭泣……找自己。
地球上的星星,https://img9.doubanio.com/view/photo/s_ratio_poster/public/p1973489335.jpg,236,8.9,180416,"
                            导演: 阿米尔·汗 Aamir Khan   主演: 达席尔·萨法瑞 Darsheel Safary / 阿...
                            2007 / 印度 / 剧情 儿童 家庭
                        ",2007,天使保护事件始末。
香水,https://img9.doubanio.com/view/photo/s_ratio_poster/public/p2571500223.jpg,237,8.5,483636,"
                            导演: 汤姆·提克威 Tom Tykwer   主演: 本·卫肖 Ben Whishaw / 艾伦·瑞克...
                            2006 / 德国 法国 西班牙 美国 比利时 / 剧情 犯罪 奇幻
                        ",2006,一个单凭体香达到高潮的男人。
小丑,https://img9.doubanio.com/view/photo/s_ratio_poster/public/p2567198874.jpg,238,8.7,860231,"
                            导演: 托德·菲利普斯 Todd Phillips   主演: 杰昆·菲尼克斯 Joaquin Phoeni...
                            2019 / 美国 加拿大 / 剧情 犯罪 惊悚
                        ",2019,
完美陌生人,https://img9.doubanio.com/view/photo/s_ratio_poster/public/p2522331945.jpg,239,8.5,467667,"
                            导演: 保罗·格诺维瑟 Paolo Genovese   主演: 马可·贾利尼 Marco Giallini ...
                            2016 / 意大利 / 剧情 喜剧
                        ",2016,来啊，互相伤害啊！
再次出发之纽约遇见你,https://img9.doubanio.com/view/photo/s_ratio_poster/public/p2250287733.jpg,240,8.6,369269,"
                            导演: 约翰·卡尼 John Carney   主演: 凯拉·奈特莉 Keira Knightley / 马克...
                            2013 / 美国 / 喜剧 爱情 音乐
                        ",2013,爱我就给我看你的播放列表。
我爱你,https://img9.doubanio.com/view/photo/s_ratio_poster/public/p1075591188.jpg,241,9.1,142918,"
                            导演: 秋昌民 Chang-min Choo   主演: 宋在河 Jae-ho Song / 李顺载 Soon-jae...
                            2011 / 韩国 / 剧情 爱情
                        ",2011,你要相信，这世上真的有爱存在，不管在什么年纪 
爱乐之城,https://img9.doubanio.com/view/photo/s_ratio_poster/public/p2395517414.jpg,242,8.4,724993,"
                            导演: 达米恩·查泽雷 Damien Chazelle   主演: 瑞恩·高斯林 Ryan Gosling /...
                            2016 / 美国 / 剧情 爱情 歌舞
                        ",2016,
朗读者,https://img9.doubanio.com/view/photo/s_ratio_poster/public/p1140984198.jpg,243,8.6,409486,"
                            导演: 史蒂芬·戴德利 Stephen Daldry   主演: 凯特·温丝莱特 Kate Winslet ...
                            2008 / 美国 德国 / 剧情 爱情
                        ",2008,当爱情跨越年龄的界限，它似乎能变得更久远一点，成为一种责任，一种水到渠成的相濡以沫。 
火星救援,https://img9.doubanio.com/view/photo/s_ratio_poster/public/p2280097442.jpg,244,8.5,605866,"
                            导演: 雷德利·斯科特 Ridley Scott   主演: 马特·达蒙 Matt Damon / 杰西卡...
                            2015 / 英国 美国 匈牙利 约旦 / 剧情 科幻 冒险
                        ",2015,
驴得水,https://img9.doubanio.com/view/photo/s_ratio_poster/public/p2393044761.jpg,245,8.3,801088,"
                            导演: 周申 Shen Zhou / 刘露 Lu Liu   主演: 任素汐 Suxi Ren / 大力 Da Li ...
                            2016 / 中国大陆 / 剧情 喜剧
                        ",2016,过去的如果就让它过去了，未来只会越来越糟！
聚焦,https://img9.doubanio.com/view/photo/s_ratio_poster/public/p2263822658.jpg,246,8.8,242925,"
                            导演: 托马斯·麦卡锡 Thomas McCarthy   主演: 马克·鲁弗洛 Mark Ruffalo /...
                            2015 / 美国 / 剧情 传记
                        ",2015,新闻人的理性求真。
小萝莉的猴神大叔,https://img9.doubanio.com/view/photo/s_ratio_poster/public/p2510956726.jpg,247,8.4,431058,"
                            导演: 卡比尔·汗 Kabir Khan   主演: 萨尔曼·汗 Salman Khan / 哈莎莉·马...
                            2015 / 印度 / 剧情 喜剧 动作
                        ",2015,宝莱坞的萝莉与大叔。
浪潮,https://img9.doubanio.com/view/photo/s_ratio_poster/public/p1344888983.jpg,248,8.7,238106,"
                            导演: 丹尼斯·甘塞尔 Dennis Gansel   主演: 尤尔根·沃格尔 Jürgen Vogel ...
                            2008 / 德国 / 剧情 惊悚
                        ",2008,世界离独裁只有五天。
猜火车,https://img9.doubanio.com/view/photo/s_ratio_poster/public/p513567548.jpg,249,8.6,374432,"
                            导演: 丹尼·博伊尔 Danny Boyle   主演: 伊万·麦克格雷格 Ewan McGregor / ...
                            1996 / 英国 / 剧情 犯罪
                        ",1996,不可猜的青春迷笛。 
千年女优,https://img9.doubanio.com/view/photo/s_ratio_poster/public/p2215102596.jpg,250,8.8,204727,"
                            导演: 今敏 Satoshi Kon   主演: 庄司美代子 Miyoko Shôji / 小山茉美 Mam...
                            2001 / 日本 / 动画 剧情 爱情
                        ",2001,爱情是一场没有尽头的虚幻追逐。
